job1001	9714	6	14130705765	402311	111860
job1001	17848	29	4636686330	42962122422	12124174
job1002	9722	8	14130705765	543368	149267
job1002	17870	22	1592661364	23170	704
job101	4163	2	18993455034	19566109245	4957697462
job1010	9763	12	14130705765	342614	96346
job1013	18277	37	1595382866	987712415	12564910
job1014	9785	9	7022982359	352305	95615
job1016	9788	1	14130705765	423635	117595
job102	4179	16	1067970069	170106575	32561328
job1022	9825	2	14130705765	228180	64418
job1023	9827	2	14130705765	234456	66698
job1024	9831	4	14130705765	51765	14380
job1028	9844	2	14130705765	458021	126514
job1040	9898	4	28312035306	484878	138358
job1043	19156	33	4767805520	0	978637697
job1047	19215	29	922017833	3681227883	1143272749
job1048	9932	4	14130705765	475669	130988
job1048	19264	49	1070511750	4171586368	1347648773
job1049	9935	3	7022982359	557242	148572
job1051	9940	3	28312035306	527285	146627
job1058	9970	7	14130705765	176523	50620
job106	4247	23	4589781134	0	117485
job1072	19960	47	11879807756	44239086	28
job1073	10030	2	7022982359	320065	83844
job1074	10032	2	7022982359	346822	92762
job1078	20092	46	9000423476	21755906474	599277957
job109	4309	28	2125935765	10103332422	2350134520
job1090	10088	6	28312035306	221032	64352
job1097	10125	8	28312035306	228067	67073
job1098	20709	48	599276687	346961221	8700890
job11	192	3	11375250496	11662951852	3081449939
job1104	21110	5	4306232951	4035518803	709291504
job1105	10160	5	28312035306	821316	230220
job1107	10163	2	28312035306	412851	118690
job1112	21325	30	11879807756	3430054	27
job1115	10207	6	7022982359	439762	116750
job1118	21575	74	11879807756	42929227	13200765
job1123	21616	1	18309664182	0	60013196
job1128	10282	10	14130705765	483940	134381
job1140	10383	4	28312035306	189781	55942
job1147	10424	14	28312035306	694773	195839
job115	4504	35	1985783420	2226671516	295632499
job1150	10444	1	14130705765	320772	90715
job1163	10507	1	8483121252	0	30104055
job12	202	10	2396169152	0	276235472
job1218	10968	52	2505926597	0	1044566337
job1222	22180	1	18309664182	0	4999365
job1224	22185	2	4374292216	10482232652	10434495317
job124	4711	31	2745581591	13403441298	2631449304
job1245	11456	56	5268717087	912088	288670
job1246	11568	112	21532136141	52097962505	10366892600
job1249	11601	13	5268717087	912088	288670
job1256	11815	14	5268717087	902937	289317
job127	1994	5	19022227170	19503565573	5153420063
job1278	12298	46	6187324710	16412244453	5405125
job1279	12306	8	11534463652	10808050692	1685285646
job1283	12408	20	1066442855	0	453610496
job129	2009	2	40971734696	0	7473986165
job1297	22596	7	18309664182	0	2430557
job1299	12791	13	21090278850	16328467098	5337160
job13	205	3	38995926284	0	50800
job130	2010	1	4062470900	2227879264	487752809
job1306	12807	2	1685284122	12680966012	586953
job131	2011	1	3572255301	0	495025365
job132	2011	0	11312069563	0	1148395156
job1328	13134	10	18737456350	0	292106775
job133	2012	1	14142849827	0	1898155348
job1336	13235	58	864030194	1644181213	57605833
job1339	22786	3	18309664182	0	5058936
job134	2015	3	9327048303	0	2323840608
job135	2017	2	4902821275	0	565350646
job1359	13577	11	23695852053	0	660694
job136	2020	3	3062713009	0	499566490
job1363	13623	1	18738239268	46625737417	9406609407
job137	4997	7	676965742	0	74124211
job1370	13745	30	3212526353	8624094901	3244209778
job1387	22945	1	18309664182	0	3795464
job140	2043	7	4140867806	0	904486232
job1414	23081	10	18309664182	0	1113288
job1426	14577	2	19371246257	19875866124	5410580751
job1428	14599	7	1749115747	0	1615209459
job1447	14774	7	536997440	737	293
job147	5066	2	18972363063	19544126831	4956446918
job1482	23603	2	18309664182	0	9023586
job151	5115	7	14035149712	3933199675	72342569
job1510	23798	1	18309664182	0	1420407
job1524	24009	3	30000000401	30762109707	8307120091
job1543	15646	10	2116125775	9297919169	1849816924
job1555	24392	2	18309664182	0	8636248
job1577	24513	1	18309664182	0	25813980
job1603	24767	32	18309664182	0	3407804
job1614	24852	14	3567827283	9444236862	3236253
job1639	24961	4	18309664182	0	3700773
job1645	16541	3	1849816543	1166261481	52802494
job165	5311	21	5318589521	7216878011	1648681610
job166	2573	0	7382490585	0	1496502587
job1661	16651	1	1566128962	0	460523375
job1662	16652	1	16168132464	0	188010197
job1663	16653	1	12366025862	13105144888	905549124
job1664	25098	13	18309664182	0	2172567
job1668	25143	3	1028175282	177689	7393
job1671	16704	5	1180389206	0	300489119
job1672	16705	1	1180389206	0	16399999
job1673	16705	0	14836432945	0	168310107
job1674	16707	2	12036443441	12448292274	830104924
job1675	25217	10	40181486810	16590160	19850
job1677	25239	3	11425327211	11740801788	3097462778
job1678	25249	10	4151079554	5708400347	1086377880
job1679	25252	3	40948602294	13480737652	56251
job1680	25269	17	40181486810	860763832	1221790
job1685	25376	26	738980390	6005199282	363
job1686	16803	1	1849816543	1362795850	32668999
job1688	25384	1	814016671	6143292784	366
job17	1128	16	10274791099	13024975762	3600817163
job17	289	4	2513586060	0	1048291032
job1700	25517	8	2268025677	3788578499	247
job1702	16918	5	2738552271	0	993140296
job1702	25546	7	2268025677	3567109964	247
job1704	25649	27	4703248593	1824864381	19990189
job1704	16948	17	2639714264	0	881196557
job1706	25727	7	3055143838	4774528424	248
job1710	17057	12	970401286	4909167586	1041774055
job1711	17057	0	10486024382	21689174693	4265273649
job1711	25848	12	6046305955	2949927843	539965943
job1712	17078	21	1849816543	905410109	47102718
job1714	25857	8	3471359571	302655099	247
job1714	17115	12	1085248257	5594100982	1164109624
job1715	25858	1	3471359571	451413280	1410
job1719	25902	11	53371578782	293288	291625
job1728	17293	4	10233586064	12420834638	2869453631
job1729	26042	57	8670177087	439064	436597
job1734	26147	1	767115484	0	12948589
job1742	26203	9	3254659107	17878465	4860293
job1745	17383	2	1849816543	1987776126	69222441
job1776	26398	4	3239030025	10213882	1218427
job182	2886	4	2007621515	2058378214	544104186
job1826	17764	4	48375777923	496	241
job1835	17790	3	48375777923	1648	241
job1840	17805	3	1849816543	2076669613	62233614
job1844	17825	1	48375664995	1936	241
job1871	17987	4	30836205428	871722	866563
job1879	18078	30	886630380	2702311068	8074103
job1881	18209	28	1435323620	0	300
job1882	18210	1	2239217532	16096013	1711984
job1886	18301	20	41204093796	11814361174	1434805373
job1892	18440	2	14071836943	13174210575	1975419704
job1893	18445	5	2511776651	11793	11727
job1894	18451	6	4510051606	78409	78004
job1895	18479	28	2239217532	16096013	1711984
job19	1185	5	4776464612	2744661563	1084547
job1900	18574	3	23310877696	24039026335	5889907058
job1904	18611	4	29427247154	5600	634
job1907	18728	54	29451398225	2618	703
job1909	18756	10	41049513913	12853600047	448352084
job1910	18774	18	53309274975	0	29201779
job1911	18786	12	23183392942	30054915704	1967916348
job1911	26934	1	3031416968	31842	31662
job1912	18787	1	1975417799	14789368188	584132
job193	6284	2	11136143796	12853285052	1754972780
job1930	19128	13	2070725855	963017509	88595230
job1935	19295	13	1052254565	3228951060	271632858
job1937	19314	13	23713167183	473	473
job194	3185	19	28599744298	0	5492787281
job194	6287	3	20836495001	22813145337	4798949927
job1940	19436	48	1070173066	3310442730	288096543
job1942	19470	22	1967913300	1710582836	14551699
job1943	27042	2	38577728919	39641831788	10444800047
job1943	19471	1	829930127	224662	1732
job1947	19475	2	21404896758	22073047806	5405763542
job1949	19511	18	1082688091	3285292075	287493153
job195	3186	1	15450537757	0	5941680563
job1951	19515	4	15264776812	153082	152272
job1959	19622	22	1084553077	3364394772	298633331
job196	3188	2	1193314265	1322428586	124925183
job1960	19626	4	829930127	224662	1732
job1963	19650	15	41049510874	12853600047	448353455
job1970	19750	27	1101919968	3347226832	293065794
job1975	19776	5	2070725855	460898490	70079131
job1977	19782	1	11084329829	0	180705953
job1979	19821	14	1064275252	3278070763	277174571
job1982	19883	16	1117777799	3446399814	307572349
job1983	19888	5	41156577789	12980536108	473657971
job1984	19897	9	41268239449	12961445375	476256578
job1987	19909	8	41237862907	12984918971	487538710
job1996	27322	11	2035795292	8940292362	1779406496
job1996	20175	13	829930127	224662	1732
job1997	20182	7	41505296775	12993883351	457962721
job1997	27350	28	40244311938	18958628791	119384784
job1998	27446	96	5322792829	10108	29
job2	135	9	1048668636	0	149442587
job2001	20246	29	4461700046	0	5080
job2001	27490	32	2626544630	16924872	591502
job2002	20261	15	829930127	0	158068850
job2003	20265	4	41432833055	13067905047	482603040
job2004	27558	9	23936815334	47394337048	188408434
job2007	27656	1	1546445717	2963755412	9924816
job2009	20332	1	41706158118	13243733467	506724014
job2014	20375	4	29389093051	30306388000	7416457489
job2016	20432	29	1021512100	3369693932	291012894
job2018	20487	38	1135074671	3522730451	318780217
job2022	27942	2	28693392468	29484485017	7767096631
job2022	20567	28	1120462794	3570898920	320587518
job2026	20612	7	1139486559	3543569790	314957401
job2027	27945	1	7883295013	9361818100	2278300124
job2027	20622	10	1169142238	3600951743	323554376
job2029	20645	5	936143450	3433385477	294898357
job203	3225	3	3572947854	1613542599	356378911
job2030	20648	3	44026176617	0	63140
job2032	20671	5	1141680786	3530122944	312529086
job2039	20775	6	41835252271	13166597475	486669362
job2040	20775	0	42556695272	13389032269	527423994
job2044	20832	23	9297364460	0	9424415867
job2049	20898	11	13832127358	0	48126294
job2050	20903	5	42681064951	13467620964	531209475
job2052	28040	3	1779406115	1119378113	50789687
job2053	20927	4	42873919200	13463845948	517511632
job2059	28066	5	23936815334	85771314925	167646678
job206	6836	13	10988088864	313006968	9077159
job2082	21277	1	19048726868	19642967585	4796520731
job2083	28367	46	1779406115	1330205610	31444317
job2084	21284	6	11888956783	14611581981	3547171202
job2090	21317	4	40644500411	0	111715
job2097	28733	14	1779406115	869191977	45302750
job21	358	1	4056188154	0	462177055
job210	3278	3	10128419223	34641668993	52650628
job2104	21523	43	798247798	0	609932421
job2105	21548	25	798247798	0	6350
job2121	29026	3	3035881343	3115872989	617535721
job2122	29032	6	12649875409	3352687587	4033754
job2124	29092	11	11007903773	82068705434	3134850843
job2126	29134	37	43962281682	45352262858	11168446691
job2127	29135	1	19990035036	20497200352	5558784926
job2133	29266	5	2669313108	10192311796	3158294655
job2139	22266	11	5571486603	3196196600	940377
job2149	29475	13	19597077980	29434458200	1732904615
job2160	29645	31	6655881209	39422145016	6038191153
job2161	29662	17	12649875409	8118820083	10735742
job2162	29667	5	679486568	354811655	5237240
job2167	29865	86	657145286	3269850317	40841361
job2179	30035	1	17919278355	18486060223	4551873261
job2180	30036	1	20199369431	20711726714	5615445735
job2183	30080	25	40016289737	1.31E+11	39513589727
job2200	30356	24	52885249961	89181537377	7208
job2207	30402	4	6667543789	34737624383	254877
job2208	30433	31	42480065539	0	10228614481
job2213	30507	9	7121116453	938806985	13826653
job2217	30632	59	39760987475	79854039815	4023405576
job2227	30935	2	18764681207	19358413487	4764439394
job2228	30935	0	26909273967	27592353751	7468220462
job2229	30980	45	9958972461	7701182979	67776992
job2243	31176	0	19821668621	29891372196	1784368045
job2248	31267	1	985549658	460342402	19168
job2250	25336	7	632533863	455968450	39800
job2254	31375	13	3134849211	15919684754	2214139924
job2256	31436	12	14019133450	0	111649
job2257	31440	4	3928718696	17975844556	12849
job2260	31496	4	27479526579	0	177
job227	3551	29	47829867999	14469810105	32341733
job2275	31837	1	21084133984	21619221042	5863573011
job2276	31838	1	22763582232	23483771795	5784505015
job2283	25636	10	7326910654	878127	266650
job2302	32133	1	4023396464	15542288386	4795367477
job2302	25888	4	2060895659	9976141	2763647
job2308	25978	3	7326910654	0	38608
job2318	26058	6	2548465785	5113338	642926
job2330	26173	1	37738293464	17405702323	15043553
job2337	32616	32	31212558039	14184513308	75186698
job2338	32619	3	17758434404	46022041749	10606584582
job2338	26198	8	4345713401	5183157880	1517323197
job2340	32682	33	2796543304	18676272864	583713
job2343	32703	10	3286103071	0	3947
job2345	32792	34	8307159616	44448	242
job2348	32855	4	15279887666	58075806799	3641817601
job2350	32888	20	2813647180	0	653709873
job2351	32888	0	2813647180	0	32960391
job2352	32889	1	25574533934	0	367928506
job2353	32889	0	15877118753	16499012419	1228688176
job2355	32974	79	34296175330	60794184823	849303259
job2362	33096	20	3286103071	0	3947
job2363	33111	15	2119409180	1768699664	15238492
job2372	33262	21	816834926	0	167858047
job2376	33357	10	7510929563	0	125788826
job2381	33519	14	6237793762	18435002224	336495882
job2387	33620	20	593776968	1207905568	30777359
job2388	33638	18	17320843536	151785009	48684884
job2395	33671	22	2306898367	0	784189673
job2402	33781	4	31212558039	94626052633	110629488
job2408	26488	0	1111039421	0	5097200
job2410	33914	10	3286103071	0	3947
job2416	34052	24	3624088056	10096190467	511391234
job2418	26516	2	7922942819	7627840014	1294918862
job2421	34150	11	1422634775	10922321838	1338524019
job243	3750	8	4217531814	737149	236084
job2431	26578	4	1111039421	673513423	7287
job2437	34383	10	533350699	110747370	20958540
job2439	34409	9	24373907804	20139440350	10679291
job2446	34684	13	31212558039	34595636335	141444785
job2458	34853	4	4734923872	5655211595	1748715172
job2469	34962	1	27446906563	33705291008	2100813846
job2477	35039	5	11532195861	32160718986	551025243
job2481	35079	16	511390880	0	3200114
job2483	35085	5	3286103071	0	3947
job2489	27259	9	1294917774	8740520433	542206
job2489	35233	83	511390880	277225721	4641
job2493	35388	41	31212558039	1.10E+11	2005538271
job2496	35414	7	2901213510	23882399203	1970296696
job2499	35441	1	3641815569	5199757603	566988901
job2505	35751	23	15230034799	15716086990	3744174147
job2508	35778	15	5047571621	6788548256	1297284346
job2509	35798	20	12115152116	0	34263389
job2510	35808	10	44556274034	1146229083	122271412
job252	3790	12	4217531814	744643	235146
job2525	28183	16	21029737768	3308101900	49347508
job2534	28597	13	38466780005	23112668	449852
job2536	28837	164	3003141708	1479656058	66601029
job2538	28895	7	1829350106	13935474278	588945
job254	3805	14	809289818	0	765884441
job2543	28983	46	2623672757	5749285974	2105262506
job2547	29064	35	3003141708	3279982261	103634326
job2549	36288	4	6727564527	21881826391	5691463735
job2559	29319	35	982852874	3811940567	1205923955
job256	3807	1	801230584	0	758050384
job2560	29321	2	3003141708	3201281901	87330783
job2560	36472	2	633925058	15606	10480
job2567	36648	13	18718402603	0	365506
job2572	36833	15	1079881959	1318690971	41891485
job2577	29567	14	19641370375	0	302757309
job2580	36913	1	7383401337	9491817469	2245311130
job2582	36916	2	53029889140	0	8591708572
job2582	29628	4	3003141708	855970770	47886276
job2584	36917	1	7317307619	7547860622	1855528609
job2588	36935	7	820073057	551311368	6717
job2589	36939	4	21720129455	6973015255	774185761
job259	3849	13	4217531814	737149	236084
job2601	37147	25	8248842880	19782652550	11979003185
job2605	37209	3	41422645989	60392493517	148092952
job2609	37260	1	820073057	285546338	256
job261	7508	48	4292405625	30613837552	5940036691
job261	3867	1	4217531814	744643	235146
job2613	37310	17	51559680377	23365236509	5632988393
job262	7536	28	52990279272	0	53002402455
job262	3881	14	753380955	0	712647355
job2621	37468	33	6171284848	18299301929	11349538
job2623	37540	54	633925058	343422473	4984229
job2626	37592	43	25794623071	3881699	743368
job263	3894	13	1290400898	449615514	89326960
job2634	37682	30	1779990185	0	33274
job2635	37719	37	5632953577	18259259887	5001045095
job2637	37805	10	1739796644	1783796116	482935790
job2638	37805	0	7374430504	7606861794	1865756623
job2642	30379	14	556483038	1288253286	182921882
job2643	37934	5	5691450908	16350218511	9539552
job265	7623	1	2396944234	2442373759	377364577
job2652	38060	27	10135964072	8259647627	1397
job2657	38147	28	511818650	0	109812466
job2667	38327	11	1781788793	786895414	6726
job2674	30885	13	21586817002	16751560907	5592266
job2675	30897	12	939059598	0	181009
job2676	38546	22	1779990185	86613	1039
job2678	38557	7	1781788793	3258999232	186100
job268	7658	34	23938526368	7986026224	91344817
job2682	38614	3	37963132407	1.89E+11	42214568250
job2683	38615	1	3504579421	18229439602	2416044377
job2688	38725	3	32344542330	33363360359	8213511523
job2690	38761	17	32107674256	0	23263200620
job2694	38863	32	1781788793	1072389271	842844
job2699	31132	12	539559692	3479683467	577897193
job270	7714	51	676273747	0	442169592
job2701	38954	8	633925058	395489027	5211586
job2708	39014	12	785016674	0	370786066
job271	3978	6	1248094071	1652641890	85537549
job2712	31336	4	939059598	64822	245
job2717	39163	3	12119190908	10326586924	1651
job2718	31572	12	1432537001	1839	306
job272	7771	11	2535507486	15787062950	3150090525
job2726	31747	9	18735266951	14243173189	3708964
job2733	31783	12	577897066	0	2293526843
job2734	31828	45	1540923438	2376	438
job2738	39508	8	15739241674	0	3076397517
job2742	32319	29	556483038	1288253286	182921882
job275	7872	47	530648351	33316710	5811858
job2760	32498	6	1546337078	2737639987	856745208
job277	4001	2	12483257896	0	204297409
job277	7929	50	6101331632	2997643293	544783482
job2779	43944	9	986397598	0	296789702
job278	8020	91	620494647	959596637	8762222
job2782	44072	71	51427713876	0	11171211234
job279	8021	1	3580790183	0	871577989
job2793	32637	4	47261037091	20790501267	158584443
job2794	32641	4	14748062868	38027559848	10243774111
job28	519	31	1387059979	0	96698189
job2804	32681	4	39703368069	40717761597	10893228792
job2806	32686	2	760701313	1869369072	112232438
job281	4016	3	4217531814	744643	235146
job2810	45115	14	29051841597	0	11765343159
job283	8093	3	3150078607	87484400	15117876
job2862	45965	21	2507721836	0	1045423678
job2873	33082	3	551829997	7312846573	107363621
job2880	46464	42	3082742248	15418153424	22814222
job2894	46860	57	991130622	15724946	5920646
job2900	46950	1	2151755895	12130028923	2151756276
job2920	47358	14	2395245701	7733156743	2678423079
job2928	47598	3	14688282651	16893431275	1792088680
job293	8218	1	20000032939	20553145454	5477664333
job2933	48218	19	3081422975	370302900	47064649
job2939	33578	3	15110023900	19105586287	4283901237
job2939	48461	73	3081422975	142410860	26985462
job2942	48565	7	2151755895	5966330177	1546898839
job2952	33602	1	2886690318	2886690318	269450996
job2963	49074	11	25131443507	25880030593	3279641738
job2967	49192	1	6409197499	0	93676875
job2968	49193	1	9476833285	0	285945
job2975	49505	9	19220664157	9839412847	6181800
job2980	33747	3	703967880	1445817182	124377167
job2981	49606	6	5188478386	3007947996	10657
job299	4109	1	530889844	888032651	1586
job3009	49969	2	16471410031	16961727457	2282638770
job3014	33904	2	12682093087	55610907879	16522270437
job3018	33919	1	1395316807	0	1292351959
job3025	50340	74	1593962980	10699606417	13510940
job303	4134	5	4217531814	731107	243225
job303	8339	12	648922527	1718059600	974951723
job3040	34099	11	18567253472	19368954414	0
job3055	34210	4	16668946711	15663043992	1449822756
job307	4153	2	16669668286	546	546
job307	8358	6	629800665	1041869447	21243769
job31	1700	31	1043799029	3220465724	2645916
job3120	34723	3	23868164105	1.60E+11	104083990
job3121	50934	4	2095970288	0	53279
job318	8565	3	6214077197	23433833963	6228068737
job3208	51564	30	2095970288	0	1654582
job322	4248	20	4217531814	731107	243225
job322	8638	56	575753155	1247140441	720671386
job3269	52088	6	2095970288	0	1738661
job327	8740	29	770111851	1229097775	3628
job3288	52452	21	7240404776	631224	192163
job329	4288	3	4217531814	737149	236084
job3303	52632	7	7240404776	290044	90130
job3306	52662	18	7240404776	1839973	484022
job3315	52866	51	520548932	1040646224	109882941
job332	4299	2	2608875871	69263	68930
job3326	36090	16	1631621839	0	325502214
job3328	36108	11	2232164723	1497403677	921550
job333	4306	7	1302707921	1734	287
job334	4306	0	1411094358	2256	411
job3343	36315	12	1718840475	0	1114502236
job3348	54090	3	10834063225	12470759977	1407875635
job3349	54092	2	10493661982	12123160195	1580494946
job3350	54105	13	17668556248	19358207843	4096677809
job3358	36372	1	18871938200	19393154692	5137812932
job3376	54677	2	8415218567	8678090664	2072671006
job3384	54846	16	1896053450	1945787289	405945010
job3388	54918	33	20356094295	12910036493	2667
job3390	54999	48	2955456074	0	47479822
job3393	36655	2	1384001323	0	161646526
job34	636	46	9641459316	0	147262978
job340	9052	57	502803571	1791315443	33068565
job3401	36839	71	16562569187	0	6773162077
job3404	37087	200	1718235899	0	1114149838
job3405	55257	13	11542651168	55952190234	11675804404
job3407	37268	2	18123357409	18624442668	4922753344
job341	9075	23	2052059933	9079951483	1793015666
job3410	37308	4	2810778571	0	317871150
job3416	37538	83	2517125516	0	1049256583
job3421	37943	101	1717727563	0	1113850180
job3428	38170	2	17980419865	18477998265	4873563661
job3428	55633	44	17657266902	11203411229	2286
job3429	38173	3	16602402075	19970727843	2156193621
job3438	55913	11	3029647164	0	873894969
job3445	56103	19	873893429	1002529351	306864126
job3447	56121	15	895138389	1135420630	32224408
job3448	56146	25	873893429	1002527785	306862538
job3449	56161	15	873893429	760700637	121569647
job3451	56212	42	873893429	1118948157	92501929
job3459	56382	10	52864686316	0	1215564936
job3461	56469	0	39478885114	40712126403	9763174412
job3462	38898	5	1717173452	0	1113555050
job3467	38960	1	1342616592	0	360923654
job3472	56593	9	1215499912	7519302389	1450792397
job3476	39071	5	19871978056	20421822879	5388076874
job3491	57143	6	1112650924	1222111351	10738
job3496	57274	11	665202816	0	149432230
job3510	57620	2	1094869405	1202906060	997
job3517	39976	6	7692613874	0	118543532
job3519	40002	16	667470411	11116	10089
job3520	40023	21	1648052252	3398876050	629
job3536	40284	2	661534196	10342	9905
job3541	58201	13	5456941556	166274	4422
job3570	58766	25	21658032411	0	748096
job361	9693	7	640780653	1607505532	844492779
job362	9694	1	5599382490	17917331995	11607060
job3631	41459	5	18349038566	23230065006	5001298622
job3640	41579	18	37707813641	1.32E+11	268894072
job3655	61277	40	3600715925	9448776607	3049996
job3656	61279	2	718128751	4772966256	44100978
job3662	61504	59	7850038862	5046080	244
job3665	42124	3	27717932648	21228824359	6589850
job3667	61702	15	5005214289	43	43
job3669	61772	20	10921759944	0	32331732
job367	9796	50	1793015285	1129224199	51236567
job3673	42299	5	37707813641	52939364563	88383205
job3678	62104	10	3077876833	7278	4661
job3680	62144	0	798010315	0	117194097
job3681	42418	24	15195377012	14239237120	2110975034
job3688	62580	101	12217424917	9409795082	3025983
job369	9966	125	1179566276	1213721334	277697286
job3691	42552	16	24542589081	18452745497	4760536
job3693	62610	21	942362037	0	2758899
job3695	62639	8	17441915031	100141	762
job3708	62806	11	49925079576	1127719120	1531705
job3709	62828	22	2028095970	29572	29423
job3712	62860	7	4498703329	6187002744	1175295973
job3712	42951	38	2110973002	15764277789	583617
job3713	62861	1	49925079576	8643630084	42552318
job3714	62874	13	49925079576	0	312510
job3716	62881	6	49925079576	19253950	23674
job3717	62893	12	16499988644	0	255910768
job3725	63699	6	15863605263	1971	245
job3729	63708	5	14111726764	1481718	350
job3741	43704	74	1419304826	184046	183036
job3741	63749	5	941844762	0	9969180
job3742	63753	4	10571596214	7996133767	2101474
job3744	63756	1	3347329172	14376658	4055594
job3747	63784	3	51100374914	16354199611	1664407329
job3751	63800	2	24896925393	1032	1032
job3752	44204	12	761124063	0	762
job3758	63822	1	1971990346	9343821703	2286283561
job3759	63843	21	38376429998	2410107830	81126247
job3764	63866	2	4073844185	11195828	1300434
job3769	44410	4	2952488214	1993408217	48970083
job3772	63928	6	6168833177	1.41E+11	161319789
job3773	44436	15	5006520020	94088	93617
job3773	63932	4	4922817705	0	7874
job3776	63965	12	973172244	0	228364162
job3782	44532	3	7596867796	0	120201344
job3784	64032	5	1285355999	1386	117
job3789	64129	18	43603037204	1.30E+11	814267970
job3795	64237	10	5322054258	417686536	247
job3796	44742	14	30046226009	6915282124	967399315
job3796	64249	12	5322054258	729030976	17825
job3797	64250	1	1492340924	0	1384185569
job3798	44764	9	2952488214	1473095615	65959516
job3798	64251	1	638730950	5419303555	99431953
job380	4523	6	2008174936	225	254
job3800	44790	10	3080456855	53678	53368
job3801	64255	3	14111726764	193848	1601
job3807	64300	8	5322054258	729030976	17825
job3808	44891	52	557050482	2233539401	662116176
job3809	64324	23	5322054258	618548082	1895
job381	4525	2	43236297394	5438829342	10868
job3810	44932	19	4435561075	765728	254487
job3813	44946	1	4141815589	17287912838	248086464
job3814	64381	3	6307052940	24833768087	1724697481
job3816	44983	11	8353929712	20684925731	13360
job3821	45068	3	2952488214	3265185270	102791445
job3823	64392	2	8385873901	10237440351	2551816920
job3824	64402	10	2772285992	19346855428	2076280467
job3825	64404	2	2997098973	19123979825	2170874940
job3828	64424	18	14530482309	548619	545900
job3833	45217	47	4828497972	209345	208273
job3833	64466	14	3547581595	10421823923	3546395591
job3835	45251	19	2886016782	322681	320961
job3839	64505	5	49984141188	21761316576	112365838
job384	4551	13	4217531814	731107	243225
job3840	64515	10	2772285992	19346855428	2075032429
job3841	45348	36	2952488214	3185811161	86593974
job3842	64570	24	2997098973	19123979825	2170874940
job3844	64578	7	667352382	0	667171190
job3846	64611	5	5533461179	17801	245
job3847	45407	7	665724069	2612921105	791804722
job3848	64624	4	1664399777	3169593539	10517800
job3849	64641	17	16862272921	1.55E+11	91737619
job385	4564	13	633212689	75	251
job3853	45490	26	1190525888	27733	27575
job3856	64697	9	2256356026	1445973803	66573109
job3867	64786	6	847792166	1784087304	59304299
job3868	45769	20	2952488214	852227457	47376803
job3869	45769	0	5765139585	4183866862	1253215422
job3869	64792	1	2286263147	17357087447	1836388415
job387	10089	7	1793015285	1335712180	31643324
job3875	45914	72	9271071301	22404604365	431806061
job388	4584	4	4217531814	737149	236084
job3880	45976	6	883965578	5628530914	262
job3889	65080	4	3433150396	20607460375	2185934245
job3892	46045	12	18390537903	22847540199	5986573291
job3905	46209	38	2359102738	484787428	73723510
job3917	46381	2	2863397477	43859	43641
job392	4606	20	31020322184	1635085830	362798949
job3924	46438	3	4435561075	765728	254487
job3925	65816	15	17429007505	26451951658	1408359205
job3926	65839	23	646944491	1104602871	918285
job3927	46460	10	6439661859	17066191387	5682520
job3930	65935	10	1401950387	9439961585	30719
job3933	46556	17	4435561075	765728	254487
job3935	66283	103	53193804805	0	325211
job3937	66326	40	10017493169	12710512	245
job3937	46637	23	4435561075	765728	254487
job3939	46638	1	1149423190	815406985	214360896
job394	10220	3	5440066173	6820162606	1709124443
job3946	46726	2	15074841838	10087552	244
job3947	66509	17	5082629975	6991423683	1325993970
job3956	66594	2	1575063088	0	1462692787
job3960	66612	2	1408356919	2068816345	15059276
job3965	66694	8	3559543840	21969075	5870029
job3966	66699	5	1218196110	0	13573230
job3969	66722	1	1462685040	6941719948	1727376391
job397	4640	7	16709753564	1840	30
job3976	47931	56	2397989034	6705456606	1871656487
job3977	47949	18	33337555223	10513	720
job3980	66847	2	53193804805	21308904	11489393
job3981	66851	4	4402866283	12770591	1535175
job3988	66937	13	18119679155	0	280113114
job3992	67001	24	53182017695	1565904	15302
job400	4661	5	823320815	106	250
job4003	67086	11	818820199	509543543	127
job4011	67144	21	3037583596	0	852491770
job4016	49853	9	25915727734	15961521478	3302
job4017	49857	4	2168830327	12922	329
job4023	49921	10	25798033068	32442918216	7439652001
job4025	67283	7	852490230	1121878755	92789523
job4026	67285	2	874705017	1131428483	33297569
job4027	67288	3	943154677	1498095390	126392432
job4028	67289	1	874927155	1145094176	33688892
job403	4677	5	4217531814	737149	236084
job4030	67310	14	852490230	1005153879	307715272
job4031	67312	2	852490230	1005152689	307720031
job4032	67313	1	852490230	1005163014	307708996
job4032	50451	10	572252988	3358028653	590157335
job4034	67324	8	9794364949	0	6611271
job4036	67346	9	852490230	762512405	121863787
job4037	67376	30	50262820159	11064092919	9867030
job4042	50543	30	19368038567	102579	824
job4044	50582	4	23679733000	34051444284	2243535887
job4046	50653	33	2353407705	13992684173	1935885162
job4048	50672	15	15974575469	148190775	52543014
job405	10340	7	6007163031	17897328770	11623845
job4050	67473	1	20461155325	4711654155	584571799
job4052	50741	48	20701685188	17668014973	5937546931
job406	4716	19	42087305673	5522183417	10621
job4060	50810	3	42949678104	44304269700	10871367863
job4061	50812	2	1211223416	0	105294
job4064	50853	34	7068446175	0	572262005
job4065	50868	15	14250256556	0	16436
job4067	67653	6	1055685728	640	48
job4068	50909	5	1863687512	349566	107433
job407	4719	3	42087305673	5904611114	55073
job4074	67769	12	1115565834	1225309681	10738
job4074	50996	17	634190009	0	202611900
job4075	51002	6	572252988	3358028653	590096861
job4078	67809	3	1055685728	1024	62
job408	10379	27	1793015285	878664090	45744820
job4080	67827	11	735344578	705864	2239
job4081	51082	2	1863687512	271753	51591
job4082	51084	2	1863687512	270104	50824
job4083	51094	10	15969784937	145295486	46631943
job4088	67867	9	1115565834	1225309681	17818
job4090	51214	25	613314588	0	197651114
job4093	51238	11	1935858365	10816599086	1402774539
job4094	67910	0	25997315453	16138425370	3252860
job4095	51261	8	8301156056	0	149131807
job4097	51276	13	7955189180	0	146871544
job4099	67944	10	1401422929	9444349027	30643
job4101	51302	10	581744682	3606423894	41949552
job4102	51303	1	7727738200	0	145843381
job4103	51352	49	5937544391	17556799730	316570282
job4104	51388	36	7682973117	0	145708548
job4107	51409	8	7073057446	0	135691338
job4110	68021	5	2297449592	11589978467	1504154611
job4111	68023	2	735344578	705864	2239
job4115	51532	32	3978925519	210	210
job4116	51538	6	1588958079	0	393553
job4117	51540	2	1090664314	306	60
job4118	51541	1	3978925519	209	209
job4127	51618	8	3703916738	9723171168	3154448
job4133	51653	6	573581677	29025	28876
job4134	51654	1	3094713343	10878	10821
job4135	68248	4	735344578	705864	2239
job4137	51682	9	9115410347	77339	3020
job414	4760	6	4217531814	731107	243225
job4146	51722	6	22755208078	27177081884	6599453208
job4148	51734	10	3023024811	660	247
job4149	51737	3	1402770475	9228141299	32793
job415	4764	4	33638002834	78457421422	507962037
job4151	51754	3	3023024811	660	247
job4152	51756	2	5759001202	0	114753205
job4155	51842	10	590096480	3143581518	15424178
job416	4766	2	696264192	90	252
job4161	51914	41	12546900615	9663340984	3121817
job4165	52003	45	3023024811	6736693080	1235983910
job4170	52023	5	41102919013	0	5207
job4176	52115	11	30798221369	1960520298	62632355
job4182	52159	1	715596090	0	230757878
job4184	52164	2	730369827	4579452716	44756819
job4189	52242	53	735018670	0	237337208
job419	4834	29	16709753564	1840	30
job4191	52256	9	10855393380	8208814287	2148906
job4194	52284	5	15175711297	52305058136	519623784
job4195	52301	17	14250256556	3294867984	391265117
job4196	52326	25	52158185778	6059528325	6731
job4197	52349	23	51875682407	533194543	20837
job4198	52359	10	52292220460	513819724	6731
job4199	52370	11	52794373369	511351672	6731
job4204	52405	15	28650105891	96644	96131
job4205	52413	8	53330363624	511709958	6858
job421	4844	1	617370736	75	252
job4210	69148	1	11760550491	12085899929	3227324408
job4213	52549	38	39275148529	0	5080
job4218	52612	5	42949675648	44302810044	10914295299
job422	4855	11	41845493194	4904823467	10374
job4221	52674	41	4198802988	14388831188	3957927333
job4224	52791	14	47782801552	15983148857	867283
job4229	52883	5	7068446175	0	4827563
job4230	52885	2	24704540345	34749874838	2325333261
job4232	52927	23	1235983402	156	247
job4236	52946	14	1235983402	140	246
job4238	52983	24	7850038862	12901540	2080
job4239	52985	2	3957903851	13922050949	8905454569
job4240	52991	6	6049336767	0	6000
job4242	53005	6	864561217	8960	246
job4243	53013	8	519621752	1863008118	322464052
job4245	53023	6	1833535038	128055	1001
job425	4905	24	859183215	105	252
job4250	53155	42	1718219309	1593	543
job4251	53158	3	13222353617	2177109	683691
job4253	53187	14	17811206697	1.49E+11	17863421231
job4254	53204	17	837008589	6906411832	112259106
job4255	53209	5	4501590656	10582839733	12217424995
job426	10678	19	1793015285	1927399856	67193250
job4262	53308	5	14275273983	66130754157	18475038420
job4268	53385	12	19760703149	200697	445
job4273	53512	2	42949675648	44302810044	10914362830
job4277	53547	19	47856217783	15996925436	146643
job428	4934	7	4217531814	737149	236084
job4281	53655	1	38376101294	2520247630	81337688
job4288	53746	3	675693348	0	216792399
job4291	53769	4	2325330086	2254012048	15860867
job4296	53825	18	22755208078	0	355660261
job430	10719	12	2352753475	0	2352761381
job4301	53858	7	19760703149	89237	1560
job4320	70049	2	48987821220	50342675633	13435430411
job4328	54286	17	8753476287	20888214125	13334491891
job434	4978	25	41335331227	4617977492	10332
job4341	54441	17	11006939227	53926548762	26918
job4353	54568	4	49011244344	0	6013581
job4356	54610	6	52563566801	19872740629	1018067918
job4360	54662	15	52563566801	11400657292	470834506
job4361	70311	3	15167198446	6838	2174
job4362	54672	1	14495763152	14948929999	3640843150
job437	5001	2	3311717983	0	3273913246
job4370	54758	1	8582612053	64068138237	7909826
job4383	54933	10	17333472778	28430828549	1520092126
job4384	54946	13	49011244344	0	65024
job4389	55060	14	1018061187	3673564691	535308074
job439	5009	8	41335331227	5000405189	36240
job4399	55162	16	555454343	1183542691	560449836
job441	5030	7	1420021678	0	1405378109
job4414	55430	1	30447368952	30974236556	597160270
job4417	55453	6	1520089840	1101525551	13076018
job4422	70743	1	916870939	1138402899	37729609
job443	5049	15	30737291579	0	14572173
job4433	55572	1	14511596297	14965356821	3652590379
job4442	55696	9	597154830	1271947004	602820537
job445	5060	10	1619057891	101908	101378
job4454	55937	20	4313418014	32177308540	2941656
job4456	55964	17	3425708034	0	3432238209
job4458	55995	14	23029646900	912691413	2565
job4467	56095	7	535307820	0	528564823
job4477	56470	1	11394700711	11750963903	2884246146
job4482	71256	10	15167198446	2616264356	358418495
job4483	56587	26	535307820	0	528564823
job4485	71296	28	734170102	50	282
job4490	71340	4	2093262633	2237962618	771
job4495	56711	9	23025200059	3714	813
job450	5084	1	41252874382	4612247242	10332
job4509	56789	6	21354994296	31990203831	1958268721
job451	5086	2	28359840198	17561097162	38940594
job4522	56992	19	3084727086	64266855840	3217972864
job4524	57131	121	876142198	2623276775	8066536
job4525	57169	38	997246436	5415582035	252
job4530	57233	21	8753476287	20888214125	13334491891
job4537	57348	4	940403175	2815340280	8263977
job454	5100	2	12202569863	25005	24868
job4540	57373	4	14484202506	14937421706	3674031244
job455	5106	6	4217531814	731107	243225
job4561	71848	0	29816362529	30641655678	8169210390
job4570	57654	16	51727294486	0	1214303849
job4583	71950	1	2413097147	2951574270	887003076
job4597	72040	4	38364735107	0	2023858
job46	795	2	3648358955	1970511198	410946882
job4607	72150	0	607579388	1019536148	136
job4613	58139	16	10073727005	11623168	245
job4617	72423	113	14191289231	93620680	33344139
job4619	72448	15	44048248719	0	7275286672
job4620	72468	20	16947174044	20680502219	6764593354
job4623	72512	29	5543898652	7689894218	898
job4624	72534	22	20511140831	14191696920	1120
job463	5127	2	41252874382	4994674939	35783
job4633	72576	5	12735267574	13084023826	3484218487
job4640	58691	0	6189896480	0	103127441
job4649	72691	2	1136505768	0	3932795
job466	5146	3	16709753564	1840	30
job4665	59254	15	12914105989	13080744700	10485
job4667	59293	11	50165834029	801140	797089
job4670	72787	12	607579388	0	8161758
job4676	72815	4	1136505768	720541118	6967
job4680	72855	2	2537810985	9911944	2782919
job4681	59506	5	1422301520	0	512482455
job4690	72880	1	38364735107	0	771073
job4698	59651	1	512479153	2962013069	626528766
job470	5176	17	4217531814	737149	236084
job4711	72986	4	813134655	1626223593	164433487
job4717	73003	4	3045851041	5772276	729959
job4724	73065	1	6764590814	21014759314	225484553
job4734	60189	9	15241801165	18375269429	4648512381
job4738	73150	3	8988865243	8653981021	1451346230
job4740	60262	24	51796131118	0	319000
job4749	73192	12	510446416	1020235756	107714155
job4753	73257	6	14191289231	134155079	39331756
job4753	60408	6	2428501711	0	697729718
job4754	60409	1	27569625014	0	422809517
job4755	60416	7	2428501711	0	33409251
job4756	60433	17	9485838750	5419571212	318251992
job4762	60508	1	4067525485	29003470	7952965
job4763	60509	1	1240273287	0	17975457
job4773	60597	6	4334273655	16649858	2182362
job4774	60604	7	13390588504	1286	30
job4782	60715	36	4051908920	0	1468301108
job4785	73879	8	31724042235	1960908906	810
job479	5284	19	4217531814	731107	243225
job4793	60801	9	1191378752	384	29
job4799	60943	14	2782665479	416	29
job48	821	5	3648901656	1882876831	436720985
job480	5288	4	42051443273	5996492667	10664
job4808	61125	47	573578327	199	263
job481	5290	2	16709753564	1840	30
job4810	74278	13	38489320348	14820572	22994
job4821	61519	10	1303986922	5349201130	5809223
job4825	61611	5	1007646699	1039324345	147323074
job4829	61739	36	3984306696	4600083549	646293681
job483	5313	2	4217531814	737149	236084
job4830	61740	1	12507408655	14391846059	1515343225
job4831	61740	0	21573165722	23620282465	4405301840
job4833	61743	3	20688259039	0	5597296434
job4835	61811	12	9460640111	0	1925693610
job4839	61875	17	13045145911	1263103208	27983266
job4868	74720	18	636514505	1346929143	40851796
job4874	62463	4	1232704477	1297026592	338855849
job4878	62574	24	818158971	17813	282
job488	5385	18	4217531814	737149	236084
job4881	62612	20	658504113	682436518	133490463
job4891	74970	6	12107417732	201624	84743
job4893	74978	3	38364735107	0	803162
job4894	74979	1	1177788563	1517886720	418097403
job4896	74989	6	3976152896	7905491448	4407
job4899	75006	3	804020530	1695080971	46255489
job490	5390	5	16709753564	1840	30
job4900	75010	4	1451345006	9812102541	550067
job4904	63272	25	564833709	1076255548	156317670
job4905	63273	1	33607927167	29134143844	1504794
job4910	63329	11	2264077400	2325876205	331725865
job4911	63363	34	12769244833	0	5396532014
job4918	63461	4	52710535628	0	11433233608
job4921	63580	5	15774368274	7298541029	5703559
job4923	63667	12	11433180160	53825128644	13542003065
job4933	64112	7	3276608568	0	891206691
job4935	64194	0	965228937	102014736	18351839
job494	5414	4	753362080	0	712572503
job4947	64276	5	8155494064	11164384346	2743848077
job4949	64365	64	903232186	1163999989	18385127
job4950	64370	5	913573008	1224815742	33908502
job4951	64371	1	891205011	1210261239	100876861
job4952	64376	5	774477388	4067123688	51047085
job4954	64418	21	891205011	1084370218	332711448
job4955	64418	0	891205011	1084367627	332724363
job4956	75956	5	1750939646	5230319187	753362334
job4957	76021	65	1861736615	5276168652	765389879
job4959	64462	13	891205011	1084368548	332710174
job4962	64482	1	891205011	823226596	131485407
job4963	64519	37	3838247053	16001577867	3136630938
job4968	76305	14	1276876034	1713	283
job498	5465	14	41924386650	5299720817	10372
job4980	64765	2	2561609994	0	39328545
job4984	76406	3	16266920535	2314	248
job4989	76468	1	40914713609	1.73E+11	37998365055
job499	5474	9	41924386650	5682148514	53516
job4996	76506	3	4108985890	727016	229851
job5002	64958	1	10610832291	0	5155490849
job5002	76556	0	620824044	434064001	19125280
job5014	64995	2	18539698096	19050341376	5033040865
job5014	76696	6	15545216616	0	48226088
job5015	76712	16	11798857005	0	184268954
job5016	76724	12	6863752519	19843032268	20027638
job5019	76800	3	11321095939	42348517	14104995
job5030	76922	2	1085035531	2124880657	1969
job5047	77173	35	37540108431	79684261451	186730583
job5048	77193	20	24458453879	4271827037	29
job5049	77196	3	1085035531	679611541	1884
job5062	77350	15	19324186492	1898	248
job5066	77383	5	4104853244	705194	237608
job5072	77447	4	1085035531	2288385125	615
job5075	77463	8	30768576158	3226	30
job5077	77491	27	9454842418	475917	473593
job5078	77497	6	2703055736	10273622774	267107
job508	5493	1	48052592408	49552632458	12241696630
job5080	77513	0	34167738512	1.41E+11	633560823
job5088	77656	3	12393012132	1298604250	33473810
job5089	77660	4	37998332543	1.55E+11	2377664658
job5099	77765	19	1085035531	731942559	615
job510	5502	6	35337996934	72242438241	4572
job511	5506	4	11477946899	14418998949	3657699106
job515	5526	8	4217531814	731107	243225
job5153	78272	4	34601972839	1104732	1099288
job5158	78306	7	12431435156	340308007	9970655
job5160	78314	2	34047624564	1.63E+11	913927
job5165	78327	3	53547755758	7383728789	39132
job518	12771	23	35532505763	1.04E+11	30399323
job5180	78450	3	4992648219	20430956245	5163061964
job5197	65891	3	12131310379	12465354296	3299015439
job5197	78635	17	941813042	41517020	448
job52	904	25	6591442546	0	391916491
job5200	78693	2	6556063188	277268013	2887
job5201	78697	4	941813042	41200452	319
job5202	78711	14	6556063188	279274972	3509
job5204	78754	0	1807529701	5397339861	795760489
job5212	78841	14	1865026407	5277960940	764476785
job5214	78842	0	7258110106	20172427397	439151021
job522	5591	13	891206166	76649	326
job5222	78977	10	9239183730	24706	673
job5236	79210	2	2898061660	0	2428246715
job5238	66217	8	20315259609	0	28622167
job5246	79495	10	9066818654	0	146397675
job5255	79679	15	20449223955	16641419	5273315
job5255	66333	5	919854015	0	2764127
job5268	66405	0	20213945869	1586	27
job5271	79922	14	761237375	1486301781	1647
job528	5644	3	41861335147	5419200892	10372
job5293	66555	5	35466917874	44788442426	3617300
job5293	80237	12	761237375	458119702	1549
job5300	66793	4	17569985254	18053993244	4772601818
job5304	80492	22	761237375	1600687669	351
job5307	80513	8	1005695850	23098961	190818
job531	5668	10	41861335147	5801628589	53818
job5313	80586	16	20449223955	16641419	5273315
job5316	80674	22	21796169896	47553142964	6569064
job532	13009	25	4914203239	6177292568	1543288738
job5320	67031	1	25350305962	30834272403	1913752
job5331	80985	1	10358104491	12592482821	2827672471
job5336	67130	7	37729422311	5695414	16816
job5342	67614	79	25999483648	0	15211948952
job5346	67693	6	19913144721	20461429456	5405615627
job5358	82842	1	7712580326	4743952	244
job5376	68677	2	1948029416	2522748519	15213212
job5392	68948	0	29369026282	0	5398721255
job5395	68961	7	2379811042	2356155659	112027014
job5402	69071	4	5398692807	32060489866	8282551941
job5408	69229	34	52418088534	0	11564213691
job541	5833	1	41379073918	5115681589	43464
job5414	83264	12	2136359024	32348365	13426491
job5418	69361	15	911126205	617	214
job5422	69416	31	2730697717	346568586	50257383
job5427	69475	21	6369830786	0	5782
job5434	69490	1	14122575635	0	201785766
job5440	83430	3	2067134394	1008767220	52746331
job5440	69568	10	1404896010	0	126463579
job5441	69569	1	2730697717	185147429	36892770
job5442	69581	12	569750944	0	121396899
job5448	83487	6	2278163410	34780557	14191706
job5449	69680	6	579089841	1738769538	45936725
job545	5900	23	4217531814	731107	243225
job5450	69680	0	619200678	330420076	6138136
job5453	69743	16	1787926427	4740311620	1215240179
job5460	83579	1	1986506160	30032829	12449556
job5462	69837	11	4678278440	0	1107177046
job5473	69904	1	39340001358	40571801532	9945002973
job5475	83647	1	2067134394	2218683331	77473560
job5479	83673	7	2008174936	30322033	12520671
job5479	69956	13	1326734943	793144603	8489
job5487	70052	9	1045986810	3225812718	2648809
job5489	83781	10	978116556	3659692	688073
job5492	83791	6	2155701129	32665915	13511087
job5494	83828	19	2690502914	190	781
job5499	83877	9	45083644688	0	1186239697
job5499	70246	20	1326734943	415567581	256
job550	5930	3	34894463038	143872583	5397
job5507	70407	9	1956884034	5251237126	1805779556
job5508	83946	4	2271363696	34432890	14280961
job5509	70438	19	2147213390	7876462671	381
job552	13312	0	20000057921	20548319263	5442767747
job5521	70630	1	763700294	1490919053	52790803
job5523	84043	1	2690502914	190	781
job5523	70737	94	973851085	1612848976	3630
job5530	84084	2	2067134394	2293785506	69412717
job5533	84110	9	2299654954	34885294	14458564
job5537	71083	3	1265497181	8604667913	24019962
job5539	71094	4	1737861727	3747582951	1291481496
job5540	71143	49	8462458988	31623389680	8401639085
job5544	71197	5	4868493774	3561970399	1120403117
job5556	71464	1	2946048376	170220	11158
job556	5967	9	507957719	5702394299	2501
job5565	84298	4	6078009204	17116972846	576577
job5567	84302	3	2311325728	35163661	14577702
job5591	84395	4	2356897214	35664827	14783042
job5594	72057	30	2361715349	12247964715	1512522916
job5597	72114	45	2579611350	12976169874	1669946177
job560	5989	11	4217531814	737149	236084
job5604	72251	15	1512518852	10235633290	30279
job5608	84467	2	11568478861	0	1524
job561	5998	9	4217531814	731107	243225
job5614	72423	0	37617743479	2800	624
job5615	72466	43	1669942113	10781338469	36997
job5616	84505	1	2316444604	35233572	14573657
job5618	84514	1	27513433089	2234	245
job5621	84521	5	2067134394	593550539	39089929
job5624	72680	4	1455718009	11112777041	583344
job5630	72792	2	47971441365	10836537941	269881
job5631	72792	0	1198586129	19456	547
job5634	84605	13	2051650523	31150216	12873182
job5640	84676	5	1830732969	1814876627	123673580
job5651	73370	18	48150333934	10734699048	274872
job5651	84742	5	2190326254	33346342	13775595
job5652	73371	1	1182945650	19442	547
job566	6030	2	892458200	76685	326
job5662	73562	4	3646903053	0	59790568
job5668	73654	14	1176425463	19439	549
job5669	73655	1	48258632260	10666159352	274883
job567	13616	13	43054547983	0	20232181265
job5673	73713	3	8270587753	910884680	7006
job5679	85031	1	4636361864	0	5862551
job568	6091	44	41234455172	4598438242	10290
job568	13622	6	24153646731	69851743774	18875443683
job5683	85036	3	2338135772	35547284	14731172
job5687	85057	5	3374782189	31726542878	2909803320
job569	6094	3	4217531814	737149	236084
job5696	73993	21	1108773337	19374	550
job5697	73994	1	48287430006	10276805315	273084
job5703	85161	1	2321987835	35436356	14706847
job5704	74152	3	19387570517	19972816736	5079052894
job5708	74224	31	16003516762	0	64924098
job5713	74337	13	1010443120	19224	550
job5714	74337	0	48273793268	9534364480	270430
job5717	85227	4	8271707929	4000	2658
job572	13692	3	2379124000	2382162265	6113137
job5723	85248	7	2366532815	36074750	14974107
job5727	74630	1	1111450378	19375	548
job5728	74631	1	48502475343	9960963850	271701
job5729	74656	25	11157308761	0	2718731623
job5732	74709	9	2718720447	12241081549	3077994248
job5741	85334	3	727940521	10839082	4622848
job5743	74958	27	48743978511	10938418809	275472
job5747	75019	51	1229791121	19456	549
job5753	85395	10	34834202624	68784124	29787955
job5755	85404	3	2337612188	35841294	14824505
job5756	75054	1	19858374946	20457558979	5196364121
job5758	75064	10	12278503463	16436843061	3301081986
job5765	75138	25	41682024419	0	13317189147
job5770	85505	4	2147651106	32895900	13572187
job5771	75281	26	48726749025	10961010175	275538
job5772	75285	4	1217914411	19456	549
job5773	75312	27	13317149269	52117907541	16634516452
job5777	85538	1	45083644688	264874469	32445376
job5793	85662	15	2909796122	17540954	590344
job5798	75850	31	19424510090	0	0
job580	6200	4	41280425502	5020449964	42750
job5805	85727	0	9045774803	10919152073	2783749647
job5812	76037	5	18309664182	0	1926992
job5820	85830	14	2376659124	5261977191	275154
job5821	76190	15	19424510090	0	0
job5825	76232	1	1941164500	0	519988765
job5830	76319	32	18309664182	0	2049378
job5847	77276	0	9950763806	33458313500	57130068
job5848	77278	2	1972024174	415764	131664
job5850	77286	7	1976302014	333440	62999
job5851	77302	16	50720496069	0	18065846560
job5853	77313	10	18309664182	0	2295541
job5876	86250	2	4000000978	0	1135631347
job5882	77497	14	3986654350	36556674770	3846017755
job5886	77527	10	18309664182	0	1651495
job5889	77537	1	807307067	1583033036	1658
job5891	86394	1	26696479780	78256050458	24810560
job59	1061	10	2256465718	0	251792995
job5908	77700	9	18309664182	0	37431677
job5916	77773	18	36258832466	0	5564604720
job5917	77775	2	742811271	827755587	5377439
job5939	78017	4	640265251	4791804523	489907872
job594	6271	3	34893498101	2800	678
job5945	78072	10	1781333198	1158044229	33875777
job5949	78131	4	18309664182	0	1462781
job595	6273	2	1042590776	0	11811
job5952	78158	12	1355800303	0	1255517254
job5955	78185	6	528206288	7010933181	103427574
job5965	78232	3	742811080	827755587	5377428
job5970	78261	3	28206917192	0	460344
job5978	78313	5	807307067	1704976771	352
job5985	78369	3	5564598980	4153709764	665943398
job5989	78419	2	18305767303	0	41488112
job599	6283	5	13498840825	12643591753	1952952580
job6000	78479	1	4535395242	237780	236545
job6010	78584	10	48817387336	0	8057469364
job6022	78673	1	10397329515	12541247880	3301793272
job6028	78742	22	1309138841	593377110	172148526
job6029	78772	30	884226384	309171478	256
job6030	78784	12	884226384	624098836	4666
job604	6333	26	41403935574	5075881564	46502
job6041	78841	5	884226384	3767344	661842
job6044	78872	3	4053434376	36897011256	3916545670
job6046	78879	1	807307067	532996990	354
job605	6341	8	41403935574	4693453867	10332
job6052	78944	4	18309664182	0	13727435
job6055	78951	1	9734327212	17072455561	49520375
job6056	78956	5	1667258934	1163012063	19799225
job6063	79028	20	4492363732	217273	216164
job6069	79067	13	665939740	1969351404	12606806
job6077	79148	7	18309664182	0	5472377
job6083	79341	5	960357630	175390090	11413447
job6090	79543	16	1778912154	0	1654272874
job6102	79709	14	532737450	6062541742	527201277
job611	6392	5	26272193127	27091490131	6701969350
job6116	79918	23	6134438585	0	5758723888
job6120	80007	63	718276463	9252469910	626645334
job6121	80065	58	569264859	9015628236	68229
job6126	80184	15	3887448366	23725037932	2576949748
job613	6438	2	4217531814	737149	236084
job6130	80303	25	1073829688	63	24
job6134	80516	46	3034317372	70366965604	485645337
job6137	80570	42	1073829688	96	28
job614	6440	2	4217531814	731107	243225
job6142	80694	18	1021247085	64	24
job6145	80715	14	626641524	10476708051	72966604
job6153	80819	18	1021247085	96	28
job6161	80900	12	1023046250	64	24
job6167	80948	4	1023046250	96	28
job6171	80997	1	1067970069	64	24
job6173	81039	13	1067970069	96	28
job6176	81106	42	1028248587	64	24
job6177	81140	34	1028248587	96	28
job6184	81204	24	527197467	7273054362	138166251
job6185	81220	16	1038428107	63	24
job6187	81221	0	1599599127	11372048616	19595
job6191	81265	8	1038428107	96	28
job6194	81303	5	986151584	63	24
job6196	81325	2	24764743295	18602186928	4737013
job6198	81350	10	986151584	96	28
job620	6520	23	6776842874	8798	8750
job6200	81386	19	968986103	58	23
job6205	81438	2	968986103	103	28
job6208	81502	22	980327687	60	23
job6209	81540	38	980327687	103	28
job6210	81583	43	973011456	58	23
job6212	81625	27	973011456	103	28
job6213	81639	14	1695214079	10972104349	36991
job6219	81671	3	912824965	50	23
job6228	81745	1	912824965	90	28
job6230	81784	14	909706705	52	23
job624	14407	6	4362718886	139736	3793
job6242	81912	18	909706705	90	28
job6245	81956	14	925644233	51	23
job6247	81975	6	12791804719	0	215296373
job6249	81984	5	8552671516	72387139395	8798206608
job625	6555	8	4217531814	737149	236084
job6250	81995	11	925644233	90	28
job6254	82033	3	964235188	58	23
job6255	82089	56	964235188	103	28
job6257	82151	61	928827599	50	23
job6259	82199	12	928827599	90	28
job6262	82228	12	941813042	52	23
job6266	82264	19	941813042	91	28
job627	14440	7	11420180900	6854383	359866
job6271	82346	5	626641524	7588669070	4586173
job6288	82637	55	527197467	5304778779	5819251
job629	6593	2	19193530280	11946714070	2540
job6290	82713	14	6443004567	0	6048082443
job6297	82834	0	1903004983	0	229091866
job6306	82875	8	24692164222	1.13E+11	24696768778
job634	14524	1	30000000516	30758953244	8240960497
job6375	83342	0	834714797	0	193724857
job6387	83429	3	5038887398	4989446978	811808137
job6395	83487	1	10380538605	10643712013	2866632559
job6439	83800	5	16818347889	204805306	819
job6445	83917	31	811807321	5675845852	548540
job6447	83992	36	1336002164	0	156622867
job6458	84387	1	10675503625	10946682616	2952067676
job6489	84915	70	4105415032	0	469966873
job6496	85046	37	20397263471	0	8331590989
job65	1233	49	618416797	0	264357732
job6505	85286	1	9375421411	9613768328	2589364236
job6506	85290	4	16818347889	0	2528179493
job6517	85593	4	20113463990	0	8186625453
job652	14826	7	27007285845	76243732547	25064095147
job6529	85690	10	1016984039	1321642288	11
job6537	85718	2	2476628550	110378155	16209966
job6543	85781	16	9279151596	0	38823749
job6547	85801	6	2514141023	0	1048533597
job6550	85831	6	20996632019	87660203325	6061974
job656	6801	5	4217531814	737149	236084
job6566	86011	14	1923391208	0	384226863
job6585	86187	1	12798599187	13124112345	3530980283
job6588	86189	1	2110919188	2789852718	661928276
job666	15000	4	15592847507	64604495843	368231
job666	6906	11	2207931859	0	27051
job667	6929	23	4217531814	737149	236084
job675	15111	17	8036399269	53108204204	3703165
job682	7228	2	12468240962	12808054488	3389833801
job683	7248	20	806986995	5482	376
job685	7311	38	806986995	1599	243
job687	7519	207	545752462	924055067	83238700
job689	15393	32	1192313551	2614652109	997362675
job69	3352	36	10274791099	0	151953102
job696	7847	47	7022982359	132273	36512
job697	15429	1	20000000420	20506068954	5487716194
job704	8130	0	11322199758	11630845348	3077491323
job707	8141	6	4224243127	5231832869	1232002815
job739	15902	4	2129058742	0	2097123102
job741	8393	7	5210508011	5017064457	843970258
job748	8437	5	38560365913	0	96437
job782	16374	5	1192313551	2614652077	834513746
job783	8694	6	7022982359	132273	36512
job79	1421	1	3869002502	2053104194	406490296
job793	8741	1	7022982359	336491	89388
job797	8761	3	7022982359	738487	194474
job799	16481	3	1192313551	0	1302
job801	16501	17	1769985699	1.46E+11	292849864
job802	8774	4	7022982359	145423	40068
job804	8789	4	14130705765	248066	69514
job805	8796	7	7022982359	563745	148651
job812	16589	1	25064092607	77466133920	353494740
job814	8831	2	7022982359	457314	121024
job82	1423	1	2188251866	0	688844801
job820	8852	1	7022982359	337553	90726
job821	8854	2	7022982359	174323	49062
job824	8874	6	7022982359	641501	169764
job826	8879	2	7022982359	153534	42662
job830	8892	5	843969442	5766977665	532013
job832	8899	5	14130705765	375546	103624
job836	8915	6	7022982359	539241	141131
job84	3759	12	1056281867	0	376156252
job841	8938	7	7022982359	425972	114691
job851	8983	1	14130705765	217591	61181
job857	9005	0	14130705765	457642	124109
job864	9029	2	12543637506	12885469332	3409774453
job867	9051	3	7022982359	194991	54237
job872	9071	4	14130705765	230937	65844
job873	9071	0	14130705765	551410	151927
job876	9091	2	14130705765	111328	32636
job877	9097	6	7022982359	366000	99449
job883	9118	5	14130705765	442977	120960
job891	17083	9	1592661364	2177	244
job892	9159	2	7022982359	446981	118257
job895	9173	6	14130705765	362451	96325
job9	187	1	3618812086	4520278568	1175451386
job903	9216	7	14130705765	681183	185342
job906	9233	3	14130705765	456740	121940
job911	17223	2	39875669557	40885168979	10917906157
job911	9253	9	14130705765	307154	86616
job916	9281	8	14130705765	501273	136097
job920	9298	1	7022982359	280133	76162
job935	9369	7	14130705765	441619	120173
job944	9434	20	7022982359	445811	118025
job951	9474	4	7022982359	517155	138410
job956	9508	1	7022982359	924102	234700
job957	9515	7	7022982359	549019	146646
job959	9527	6	14130705765	338299	93275
job960	9527	0	7022982359	288016	78905
job965	9546	6	14130705765	521467	143199
job968	9558	4	14130705765	216664	60112
job97	4146	7	5131191310	0	2125941353
job973	9583	4	14130705765	512403	141931
job974	17534	2	1653235172	1947797396	697660871
job978	9602	3	14130705765	444713	121952
job987	17630	1	21054615758	196205292	69411632
job988	9642	1	14130705765	492897	136856
job992	9655	3	14130705765	182543	52588
job995	9663	1	14130705765	130832	38029
job996	17732	7	1653235172	1947797396	711394184
job998	9690	2	14130705765	551560	15051
